PM25,O3,WS,TEMP,RH,WD
16.5,16.0,1,27.0,79.0,115.0
33.6,11.479813664596273,1,27.0,82.0,97.0
34.2,11.479813664596273,1,26.0,84.0,96.0
20.1,11.479813664596273,1,26.0,82.0,108.0
16.5,1.0,1,27.0,79.0,106.0
15.4,1.0,1,26.0,82.0,108.0
15.7,7.0,1,26.0,82.0,109.0
18.1,1.0,1,27.0,79.0,114.0
19.5,11.479813664596273,1,28.0,72.0,110.0
17.5,1.0,1,29.0,68.0,120.0
16.4,13.208916033332045,1,30.0,65.0,151.0
15.8,9.0,1,31.0,60.0,177.0
16.7,14.0,1,32.0,57.0,174.0
14.8,25.0,1,32.0,53.0,157.0
13.4,11.479813664596273,1,32.0,50.0,144.0
10.4,21.0,1,32.0,52.0,151.0
11.4,21.0,1,31.0,56.0,146.0
12.7,11.479813664596273,2,30.0,62.0,128.0
13.9,19.0,1,29.0,71.0,148.0
14.5,10.0,1,28.0,75.0,149.0
13.1,11.479813664596273,1,28.0,76.0,121.0
15.2,11.479813664596273,1,28.0,76.0,116.0
16.9,2.0,1,28.0,78.0,116.0
15.2,2.0,1,28.0,79.0,117.0
12.4,11.479813664596273,2,27.0,79.0,120.0
11.8,7.0,1,27.0,80.0,114.0
12.5,11.479813664596273,0,26.0,85.0,106.0
13.5,1.0,0,26.0,89.0,105.0
14.9,1.0,1,25.0,91.0,107.0
12.6,1.0,0,25.0,93.0,103.0
15.2,11.479813664596273,0,25.0,92.0,105.0
19.3,2.0,1,26.0,88.0,106.0
18.7,11.479813664596273,1,29.0,72.0,118.0
17.2,9.0,2,30.0,66.0,129.0
11.7,22.0,1,31.0,59.0,132.0
12.5,13.208916033332045,1,31.0,55.0,193.0
11.3,10.0,1,32.0,55.0,146.0
11.1,1.0,1,32.0,53.0,203.0
12.0,7.0,1,32.0,54.0,173.0
9.9,11.479813664596273,1,31.0,56.0,178.0
9.3,2.0,1,31.0,57.0,171.0
9.9,1.0,1,29.0,65.0,180.0
10.8,15.0,1,28.0,71.0,138.0
16.5,9.0,1,28.0,73.0,134.0
13.1,11.479813664596273,1,28.0,74.0,126.0
15.3,11.479813664596273,1,28.0,76.0,111.0
14.3,2.0,1,27.0,77.0,111.0
12.6,3.0,1,27.0,77.0,113.0
9.9,12.0,1,27.0,80.0,109.0
10.8,11.479813664596273,0,26.0,83.0,105.0
14.8,11.479813664596273,0,26.0,84.0,106.0
13.1,11.479813664596273,0,26.0,86.0,106.0
21.1,1.0,0,25.0,90.0,108.0
13.6,1.0,1,25.0,92.0,106.0
14.5,1.0,1,25.0,91.0,106.0
17.0,1.0,1,26.0,87.0,106.0
21.3,11.479813664596273,1,29.0,74.0,116.0
17.4,3.0,1,30.0,67.0,123.0
18.2,26.0,1,31.0,59.0,148.0
19.2,14.0,1,31.0,58.0,168.0
11.4,13.208916033332045,1,32.0,55.0,193.0
15.1,5.0,1,32.0,52.0,204.0
14.8,19.0,1,32.0,53.0,168.0
15.2,15.0,1,32.0,56.0,156.0
16.6,11.479813664596273,1,31.0,59.0,153.0
16.7,3.0,1,30.0,65.0,160.0
15.6,2.0,1,29.0,71.0,190.0
20.4,7.0,1,28.0,73.0,150.0
15.4,11.479813664596273,1,28.0,74.0,170.0
14.0,11.479813664596273,1,28.0,74.0,128.0
13.6,2.0,1,28.0,75.0,128.0
11.8,2.0,1,28.0,76.0,118.0
11.1,3.0,1,27.0,78.0,107.0
11.8,8.0,1,27.0,79.0,108.0
12.8,11.479813664596273,1,26.0,83.0,103.0
15.3,11.479813664596273,0,26.0,84.0,104.0
12.9,1.0,1,26.0,86.0,105.0
17.0,1.0,1,26.0,87.0,104.0
15.1,11.479813664596273,1,26.0,85.0,106.0
15.7,5.0,1,27.0,79.0,117.0
16.4,11.479813664596273,1,29.0,73.0,118.0
21.5,2.0,1,30.0,65.0,137.0
20.5,14.0,1,32.0,58.0,106.0
16.4,34.0,1,32.0,53.0,155.0
14.5,13.0,1,33.0,51.0,116.0
15.4,13.208916033332045,1,33.0,48.0,135.0
13.4,34.0,1,33.0,50.0,175.0
17.1,33.0,1,32.0,56.0,154.0
14.6,32.0,1,32.0,58.0,142.0
19.7,11.0,1,30.0,64.0,129.0
19.7,16.0,1,29.0,68.0,124.0
20.9,6.0,1,28.0,74.0,138.0
21.1,11.479813664596273,1,28.0,73.0,153.0
23.1,11.479813664596273,1,28.0,74.0,125.0
27.6,10.0,1,28.0,74.0,123.0
19.9,4.0,1,27.0,74.0,111.0
17.5,19.0,1,27.0,73.0,123.0
18.4,2.0,1,27.0,74.0,97.0
17.0,11.479813664596273,1,26.0,77.0,94.0
17.4,3.0,1,26.0,76.0,98.0
18.9,11.479813664596273,1,26.0,75.0,99.0
14.6,1.0,1,26.0,77.0,109.0
13.8,1.0,1,26.0,75.0,110.0
19.9,1.0,1,27.0,74.0,107.0
20.1,11.479813664596273,1,28.0,69.0,90.0
19.0,11.479813664596273,1,30.0,66.0,114.0
18.5,2.0,1,30.0,63.0,148.0
21.3,7.0,1,31.0,56.0,214.0
17.6,1.0,1,31.0,56.0,232.0
15.3,7.0,1,32.0,49.0,190.0
12.4,13.208916033332045,1,31.0,53.0,175.0
13.1,32.0,1,31.0,55.0,201.0
11.6,30.0,1,30.0,58.0,177.0
18.0,30.0,1,29.0,65.0,152.0
19.2,8.0,1,28.0,70.0,173.0
19.4,2.0,1,28.0,70.0,151.0
22.4,1.0,1,28.0,70.0,123.0
20.4,1.0,1,28.0,71.0,104.0
21.6,9.0,1,27.0,72.0,99.0
17.1,20.0,1,27.0,74.0,114.0
18.6,2.0,1,27.0,77.0,111.0
19.9,1.0,1,27.0,78.0,115.0
20.1,11.479813664596273,1,27.0,78.0,114.0
22.7,1.0,1,27.0,78.0,113.0
20.6,11.479813664596273,1,26.0,79.0,108.0
20.6,4.0,1,26.0,83.0,105.0
20.0,3.0,1,26.0,82.0,110.0
23.2,11.479813664596273,1,26.0,83.0,111.0
24.0,1.0,1,29.0,70.0,123.0
23.8,14.0,1,29.0,68.0,141.0
28.7,12.0,1,30.0,59.0,171.0
30.5,1.0,1,31.0,57.0,178.0
20.2,1.0,1,31.0,59.0,194.0
21.1,13.0,1,31.0,58.0,180.0
18.8,1.0,1,31.0,58.0,170.0
22.4,13.208916033332045,1,31.0,57.0,202.0
20.7,7.0,1,31.0,61.0,168.0
17.8,4.0,1,29.0,65.0,145.0
16.7,4.0,1,29.0,70.0,147.0
17.8,6.0,1,28.0,73.0,148.0
20.7,2.0,1,28.0,75.0,121.0
15.9,20.0,1,28.0,75.0,114.0
13.8,26.0,1,28.0,76.0,111.0
17.2,27.0,1,28.0,81.0,113.0
19.2,31.0,1,27.0,83.0,113.0
20.9,28.0,1,26.0,89.0,127.0
19.3,17.0,1,25.0,93.0,100.0
13.7,6.0,1,25.0,95.0,91.0
11.8,8.0,1,25.0,96.0,92.0
14.1,11.479813664596273,1,25.0,97.0,106.0
13.1,3.0,1,25.0,96.0,122.0
16.6,9.0,1,26.0,94.0,120.0
17.2,17.0,0,26.0,93.0,123.0
18.2,23.0,1,27.0,87.0,234.0
16.4,13.208916033332045,1,28.0,78.0,231.0
19.1,2.0,1,30.0,69.0,227.0
16.8,2.0,1,30.0,65.0,218.0
17.7,2.0,2,28.0,79.0,228.0
21.3,9.0,1,28.0,78.0,212.0
19.6,3.0,1,30.0,67.0,237.0
16.7,13.208916033332045,1,29.0,69.0,230.0
16.3,11.479813664596273,1,28.0,72.0,190.0
15.9,1.0,1,28.0,74.0,162.0
20.7,19.0,1,28.0,74.0,163.0
14.0,8.0,1,28.0,75.0,176.0
13.5,14.0,1,28.0,77.0,131.0
15.7,11.479813664596273,1,27.0,79.0,116.0
11.9,11.479813664596273,1,27.0,82.0,117.0
13.9,1.0,1,27.0,83.0,113.0
15.7,15.0,1,27.0,83.0,103.0
10.3,22.0,1,27.0,84.0,103.0
16.5,11.479813664596273,1,27.0,84.0,98.0
11.2,1.0,1,27.0,84.0,106.0
19.4,11.479813664596273,1,26.0,86.0,108.0
14.6,1.0,1,27.0,85.0,115.0
14.2,13.0,1,27.0,83.0,113.0
13.1,9.0,1,27.0,85.0,110.0
16.8,1.0,1,28.0,78.0,115.0
14.1,11.479813664596273,1,29.0,75.0,155.0
17.813627386438448,11.479813664596273,1,30.0,68.0,166.0
16.5,4.0,1,30.0,65.0,211.0
13.8,5.0,1,31.0,65.0,201.0
16.2,2.0,1,31.0,62.0,214.0
16.9,11.479813664596273,1,31.0,63.0,182.0
14.6,11.479813664596273,1,30.0,67.0,190.0
15.5,13.208916033332045,1,29.0,72.0,178.0
16.7,6.0,1,28.0,79.0,188.0
14.5,5.0,1,28.0,78.0,173.0
15.2,1.0,1,28.0,78.0,170.0
13.3,1.0,1,28.0,78.0,181.0
15.9,11.479813664596273,1,27.0,79.0,133.0
11.2,11.479813664596273,1,27.0,80.0,120.0
13.2,2.0,1,27.0,81.0,115.0
13.5,14.0,1,27.0,81.0,106.0
14.9,11.0,1,27.0,82.0,109.0
13.8,1.0,1,27.0,80.0,112.0
13.3,1.0,1,26.0,82.0,110.0
14.9,3.0,1,27.0,82.0,112.0
11.7,11.479813664596273,1,26.0,87.0,109.0
18.0,4.0,1,26.0,90.0,111.0
20.4,6.0,1,28.0,79.0,154.0
12.6,21.0,1,29.0,74.0,195.0
9.9,22.0,1,30.0,68.0,134.0
13.9,22.0,1,31.0,63.0,164.0
19.5,11.479813664596273,1,31.0,64.0,149.0
17.5,1.0,1,31.0,64.0,198.0
11.7,8.0,1,30.0,65.0,182.0
12.5,1.0,1,31.0,64.0,166.0
12.8,11.479813664596273,2,30.0,69.0,133.0
14.7,4.0,2,29.0,71.0,133.0
15.7,13.208916033332045,1,29.0,75.0,124.0
18.6,8.0,1,28.0,77.0,120.0
17.8,6.0,1,28.0,80.0,110.0
13.2,14.0,1,28.0,82.0,109.0
15.5,22.0,1,28.0,79.0,129.0
11.0,16.0,2,28.0,78.0,128.0
20.3,3.0,1,28.0,79.0,122.0
13.7,12.0,1,27.0,79.0,123.0
15.7,1.0,1,27.0,80.0,116.0
12.4,11.479813664596273,1,27.0,84.0,109.0
13.9,11.479813664596273,1,26.0,87.0,107.0
13.7,11.479813664596273,1,26.0,89.0,107.0
16.8,5.0,1,26.0,90.0,106.0
21.0,2.0,1,27.0,84.0,114.0
19.0,11.479813664596273,1,28.0,78.0,123.0
13.9,11.479813664596273,1,29.0,71.0,131.0
16.6,11.479813664596273,1,31.0,63.0,162.0
10.5,2.0,1,31.0,60.0,143.0
12.5,11.0,1,32.0,57.0,168.0
10.8,4.0,1,32.0,54.0,171.0
13.2,10.0,1,32.0,55.0,163.0
10.9,8.0,1,32.0,57.0,170.0
8.9,6.0,1,31.0,61.0,163.0
9.1,9.0,1,29.0,68.0,188.0
15.8,6.0,1,28.0,73.0,190.0
16.7,13.208916033332045,1,28.0,75.0,190.0
16.0,6.0,1,28.0,76.0,163.0
12.4,11.479813664596273,1,28.0,76.0,129.0
17.5,11.479813664596273,1,28.0,77.0,134.0
15.6,2.0,1,28.0,78.0,119.0
16.0,2.0,1,27.0,79.0,118.0
12.2,11.479813664596273,1,27.0,80.0,110.0
13.7,5.0,1,27.0,81.0,105.0
11.1,11.479813664596273,1,27.0,83.0,102.0
13.2,11.479813664596273,1,26.0,86.0,99.0
15.9,3.0,1,26.0,87.0,102.0
18.1,5.0,0,26.0,86.0,104.0
16.7,2.0,1,27.0,85.0,107.0
25.5,2.0,1,29.0,73.0,114.0
16.8,11.479813664596273,1,30.0,62.0,146.0
13.8,11.479813664596273,1,31.0,58.0,141.0
11.9,7.0,1,32.0,56.0,150.0
17.0,2.0,1,32.0,54.0,143.0
17.0,2.0,1,32.0,53.0,138.0
13.2,14.0,1,32.0,54.0,166.0
11.1,2.0,1,31.0,59.0,204.0
9.7,1.0,1,30.0,63.0,199.0
14.8,20.0,1,29.0,69.0,139.0
20.0,9.0,1,28.0,72.0,145.0
18.3,7.0,1,28.0,74.0,171.0
16.7,13.208916033332045,1,28.0,74.0,137.0
13.6,11.479813664596273,1,28.0,74.0,134.0
14.9,11.479813664596273,1,28.0,75.0,131.0
13.1,12.0,1,27.0,78.0,101.0
13.5,2.0,0,27.0,79.0,106.0
20.2,11.0,1,27.0,79.0,97.0
14.7,9.0,0,26.0,83.0,106.0
13.0,6.0,0,26.0,86.0,110.0
13.7,3.0,0,25.0,87.0,106.0
16.9,11.479813664596273,0,25.0,89.0,106.0
27.1,11.479813664596273,0,25.0,90.0,109.0
30.5,1.0,0,25.0,88.0,109.0
22.6,1.0,1,28.0,75.0,122.0
18.3,2.0,1,29.0,65.0,160.0
12.5,3.0,0,31.0,57.0,138.0
13.9,5.0,1,31.0,57.0,141.0
14.5,13.0,1,32.0,54.0,174.0
15.7,8.0,0,32.0,51.0,137.0
18.4,27.0,1,32.0,51.0,143.0
16.5,29.0,1,31.0,55.0,165.0
18.9,28.0,1,30.0,61.0,141.0
15.8,28.0,1,29.0,66.0,141.0
22.6,13.0,1,28.0,70.0,142.0
26.8,3.0,1,28.0,73.0,145.0
23.4,3.0,1,28.0,74.0,119.0
23.8,13.208916033332045,1,27.0,74.0,115.0
22.1,11.479813664596273,1,27.0,75.0,103.0
24.5,24.0,1,27.0,76.0,96.0
21.0,3.0,0,27.0,77.0,101.0
19.9,11.0,1,26.0,78.0,98.0
20.1,6.0,1,26.0,80.0,96.0
17.0,1.0,1,26.0,80.0,99.0
19.3,3.0,1,26.0,79.0,96.0
15.8,18.0,1,26.0,80.0,96.0
16.9,7.0,1,26.0,78.0,98.0
16.9,13.0,1,26.0,77.0,95.0
21.5,14.0,1,28.0,68.0,116.0
15.5,33.0,1,29.0,63.0,115.0
19.2,39.0,1,30.0,56.0,112.0
25.4,40.0,1,31.0,50.0,144.0
23.4,11.479813664596273,0,32.0,47.0,170.0
21.9,31.0,0,32.0,48.0,168.0
15.9,6.0,1,32.0,50.0,156.0
17.7,1.0,1,31.0,55.0,146.0
22.6,1.0,1,31.0,54.0,142.0
22.1,1.0,1,30.0,60.0,144.0
21.2,9.0,1,28.0,67.0,121.0
24.7,3.0,1,28.0,71.0,115.0
24.3,1.0,1,27.0,74.0,113.0
24.8,1.0,1,27.0,75.0,109.0
27.4,13.208916033332045,1,27.0,75.0,111.0
23.7,4.0,1,26.0,78.0,108.0
28.3,9.0,1,26.0,79.0,109.0
23.5,13.208916033332045,1,26.0,82.0,107.0
22.1,140.0,0,25.0,85.0,107.0
22.7,94.0,0,25.0,85.0,110.0
28.4,1.0,0,25.0,86.0,106.0
31.4,1.0,0,25.0,85.0,106.0
21.4,11.479813664596273,0,25.0,86.0,105.0
29.5,10.0,1,26.0,78.0,112.0
19.5,1.0,1,28.0,70.0,129.0
22.3,1.0,1,29.0,65.0,114.0
21.2,6.0,1,30.0,60.0,129.0
25.6,11.479813664596273,1,31.0,52.0,140.0
27.9,19.0,1,32.0,48.0,158.0
24.6,18.0,1,31.0,52.0,167.0
20.1,43.0,1,31.0,52.0,191.0
17.813627386438448,37.0,1,31.0,51.0,158.0
17.813627386438448,30.0,1,30.0,56.0,183.0
19.2,1.0,1,29.0,60.0,153.0
20.1,2.0,1,28.0,63.0,135.0
22.7,11.479813664596273,1,27.0,68.0,114.0
31.5,1.0,1,27.0,69.0,118.0
22.8,1.0,1,27.0,70.0,117.0
19.7,2.0,1,27.0,71.0,116.0
13.9,13.208916033332045,1,27.0,71.0,117.0
13.7,11.0,2,27.0,74.0,119.0
15.9,25.0,1,27.0,75.0,113.0
14.1,22.0,1,26.0,78.0,106.0
12.7,25.0,1,26.0,79.0,116.0
13.7,25.0,1,27.0,75.0,117.0
24.9,2.0,1,27.0,76.0,117.0
21.3,5.0,1,27.0,78.0,109.0
18.8,3.0,1,27.0,75.0,118.0
18.2,3.0,1,28.0,70.0,114.0
13.6,13.0,1,30.0,62.0,142.0
15.7,9.0,1,30.0,59.0,207.0
19.3,4.0,1,31.0,55.0,219.0
18.5,2.0,0,32.0,54.0,197.0
14.9,2.0,1,32.0,49.0,166.0
12.1,6.0,1,32.0,51.0,172.0
16.8,22.0,1,32.0,50.0,154.0
16.2,5.0,1,31.0,54.0,189.0
15.5,1.0,1,30.0,60.0,143.0
16.2,1.0,1,28.0,68.0,138.0
11.7,10.0,1,28.0,72.0,130.0
17.7,1.0,1,28.0,73.0,133.0
15.1,10.0,1,28.0,73.0,134.0
20.2,36.0,1,28.0,73.0,142.0
18.3,16.0,1,28.0,73.0,123.0
20.1,13.208916033332045,1,27.0,77.0,109.0
19.8,25.0,1,26.0,82.0,106.0
17.2,29.0,1,26.0,85.0,107.0
16.1,26.0,1,26.0,88.0,105.0
19.9,18.0,1,26.0,89.0,104.0
22.5,5.0,1,26.0,90.0,104.0
24.7,22.0,1,26.0,87.0,103.0
19.8,1.0,1,26.0,89.0,107.0
24.9,11.479813664596273,1,28.0,74.0,140.0
14.0,1.0,1,30.0,68.0,169.0
27.3,3.0,1,30.0,62.0,208.0
19.9,1.0,1,31.0,60.0,216.0
15.4,7.0,1,32.0,58.0,218.0
12.4,26.0,1,32.0,55.0,178.0
10.2,27.0,1,31.0,57.0,148.0
9.1,29.0,1,31.0,61.0,199.0
11.2,30.0,1,30.0,63.0,172.0
17.3,11.479813664596273,1,29.0,67.0,152.0
17.9,3.0,1,29.0,71.0,132.0
19.4,4.0,1,28.0,73.0,137.0
23.9,1.0,1,28.0,74.0,121.0
26.9,20.0,1,28.0,75.0,123.0
23.9,13.0,1,28.0,79.0,130.0
23.3,24.0,1,27.0,79.0,127.0
25.9,20.0,1,28.0,76.0,162.0
23.6,13.208916033332045,1,27.0,73.0,146.0
13.7,30.0,1,27.0,73.0,134.0
10.7,28.0,1,27.0,73.0,145.0
12.8,27.0,1,27.0,72.0,129.0
19.0,7.0,1,27.0,74.0,108.0
15.6,15.0,1,27.0,79.0,132.0
12.6,11.479813664596273,1,27.0,75.0,164.0
13.9,11.479813664596273,1,28.0,70.0,176.0
16.4,1.0,1,29.0,69.0,167.0
16.0,3.0,1,30.0,61.0,177.0
17.9,15.0,1,31.0,58.0,190.0
17.7,1.0,1,31.0,57.0,187.0
11.0,28.0,1,32.0,54.0,182.0
13.7,23.0,1,32.0,53.0,192.0
15.5,6.0,0,31.0,56.0,223.0
19.3,14.0,1,30.0,58.0,181.0
18.5,11.0,1,29.0,62.0,158.0
18.7,3.0,1,28.0,69.0,158.0
20.3,2.0,1,28.0,72.0,159.0
14.2,1.0,1,28.0,73.0,143.0
14.7,3.0,1,28.0,70.0,182.0
16.6,9.0,1,28.0,70.0,183.0
15.4,15.0,1,27.0,71.0,145.0
13.9,11.0,1,27.0,72.0,126.0
11.6,29.0,1,27.0,73.0,117.0
9.9,13.208916033332045,1,27.0,75.0,119.0
10.7,28.0,1,27.0,75.0,129.0
14.4,8.0,1,27.0,75.0,137.0
22.5,18.0,1,27.0,76.0,141.0
16.2,9.0,1,27.0,77.0,156.0
12.9,11.479813664596273,1,27.0,74.0,197.0
17.3,13.208916033332045,0,26.947916666666668,65.44856770833333,129.73177083333334
16.7,13.208916033332045,0,26.947916666666668,65.44856770833333,129.73177083333334
14.3,13.208916033332045,0,26.947916666666668,65.44856770833333,129.73177083333334
13.7,13.208916033332045,0,26.947916666666668,65.44856770833333,129.73177083333334
13.7,13.208916033332045,0,26.947916666666668,65.44856770833333,129.73177083333334
13.6,13.208916033332045,0,26.947916666666668,65.44856770833333,129.73177083333334
15.9,13.208916033332045,0,26.947916666666668,65.44856770833333,129.73177083333334
15.7,13.208916033332045,0,26.947916666666668,65.44856770833333,129.73177083333334
17.4,13.208916033332045,0,26.947916666666668,65.44856770833333,129.73177083333334
20.5,13.208916033332045,0,26.947916666666668,65.44856770833333,129.73177083333334
16.4,13.208916033332045,0,26.947916666666668,65.44856770833333,129.73177083333334
18.4,13.208916033332045,0,26.947916666666668,65.44856770833333,129.73177083333334
18.2,13.208916033332045,0,26.947916666666668,65.44856770833333,129.73177083333334
18.2,13.208916033332045,0,26.947916666666668,65.44856770833333,129.73177083333334
18.4,13.208916033332045,0,26.947916666666668,65.44856770833333,129.73177083333334
9.6,13.208916033332045,0,26.947916666666668,65.44856770833333,129.73177083333334
15.5,13.208916033332045,0,26.947916666666668,65.44856770833333,129.73177083333334
15.5,13.208916033332045,0,26.947916666666668,65.44856770833333,129.73177083333334
11.2,13.208916033332045,0,26.947916666666668,65.44856770833333,129.73177083333334
13.8,13.208916033332045,0,26.947916666666668,65.44856770833333,129.73177083333334
17.6,13.208916033332045,0,26.947916666666668,65.44856770833333,129.73177083333334
25.0,13.208916033332045,0,26.947916666666668,65.44856770833333,129.73177083333334
25.0,13.208916033332045,0,26.947916666666668,65.44856770833333,129.73177083333334
18.2,13.208916033332045,0,26.947916666666668,65.44856770833333,129.73177083333334
17.3,13.208916033332045,0,26.947916666666668,65.44856770833333,129.73177083333334
17.5,13.208916033332045,0,26.947916666666668,65.44856770833333,129.73177083333334
21.7,13.208916033332045,0,26.947916666666668,65.44856770833333,129.73177083333334
17.6,13.208916033332045,0,26.947916666666668,65.44856770833333,129.73177083333334
14.3,7.0,1,31.0,56.0,182.0
13.6,32.0,1,32.0,55.0,176.0
10.2,16.0,1,32.0,52.0,161.0
17.7,4.0,1,32.0,54.0,172.0
16.5,6.0,1,30.0,60.0,209.0
15.7,13.208916033332045,0,26.947916666666668,65.44856770833333,129.73177083333334
20.5,13.208916033332045,0,26.947916666666668,65.44856770833333,129.73177083333334
18.7,13.208916033332045,0,26.947916666666668,65.44856770833333,129.73177083333334
19.2,13.208916033332045,0,26.947916666666668,65.44856770833333,129.73177083333334
20.1,13.208916033332045,0,26.947916666666668,65.44856770833333,129.73177083333334
20.9,13.208916033332045,0,26.947916666666668,65.44856770833333,129.73177083333334
17.3,13.208916033332045,0,26.947916666666668,65.44856770833333,129.73177083333334
18.9,13.208916033332045,0,26.947916666666668,65.44856770833333,129.73177083333334
11.8,13.208916033332045,0,26.947916666666668,65.44856770833333,129.73177083333334
11.6,13.208916033332045,0,26.947916666666668,65.44856770833333,129.73177083333334
12.9,13.208916033332045,0,26.947916666666668,65.44856770833333,129.73177083333334
26.9,13.208916033332045,0,26.947916666666668,65.44856770833333,129.73177083333334
29.1,13.208916033332045,0,26.947916666666668,65.44856770833333,129.73177083333334
28.0,13.208916033332045,0,26.947916666666668,65.44856770833333,129.73177083333334
31.5,13.208916033332045,0,26.947916666666668,65.44856770833333,129.73177083333334
34.4,13.208916033332045,0,26.947916666666668,65.44856770833333,129.73177083333334
22.9,13.208916033332045,0,26.947916666666668,65.44856770833333,129.73177083333334
21.7,13.208916033332045,0,26.947916666666668,65.44856770833333,129.73177083333334
17.1,13.208916033332045,0,26.947916666666668,65.44856770833333,129.73177083333334
16.3,13.208916033332045,0,26.947916666666668,65.44856770833333,129.73177083333334
13.6,13.208916033332045,0,26.947916666666668,65.44856770833333,129.73177083333334
15.7,13.208916033332045,0,26.947916666666668,65.44856770833333,129.73177083333334
22.4,13.208916033332045,0,26.947916666666668,65.44856770833333,129.73177083333334
20.0,13.208916033332045,0,26.947916666666668,65.44856770833333,129.73177083333334
22.7,13.208916033332045,0,26.947916666666668,65.44856770833333,129.73177083333334
25.4,13.208916033332045,0,26.947916666666668,65.44856770833333,129.73177083333334
23.8,13.208916033332045,0,26.947916666666668,65.44856770833333,129.73177083333334
28.3,13.208916033332045,0,26.947916666666668,65.44856770833333,129.73177083333334
33.9,13.208916033332045,0,26.947916666666668,65.44856770833333,129.73177083333334
25.8,13.208916033332045,0,26.947916666666668,65.44856770833333,129.73177083333334
25.7,13.208916033332045,0,26.947916666666668,65.44856770833333,129.73177083333334
24.1,13.208916033332045,0,26.947916666666668,65.44856770833333,129.73177083333334
19.8,13.208916033332045,0,26.947916666666668,65.44856770833333,129.73177083333334
20.2,13.208916033332045,0,26.947916666666668,65.44856770833333,129.73177083333334
26.8,13.208916033332045,0,26.947916666666668,65.44856770833333,129.73177083333334
31.7,13.208916033332045,0,26.947916666666668,65.44856770833333,129.73177083333334
36.8,13.208916033332045,0,26.947916666666668,65.44856770833333,129.73177083333334
35.1,13.208916033332045,0,26.947916666666668,65.44856770833333,129.73177083333334
34.3,13.208916033332045,0,26.947916666666668,65.44856770833333,129.73177083333334
38.4,13.208916033332045,0,26.947916666666668,65.44856770833333,129.73177083333334
33.2,13.208916033332045,0,26.947916666666668,65.44856770833333,129.73177083333334
17.813627386438448,13.208916033332045,0,26.947916666666668,65.44856770833333,129.73177083333334
25.6,13.208916033332045,0,26.947916666666668,65.44856770833333,129.73177083333334
23.6,13.208916033332045,0,26.947916666666668,65.44856770833333,129.73177083333334
14.1,13.208916033332045,0,26.947916666666668,65.44856770833333,129.73177083333334
24.3,13.208916033332045,0,26.947916666666668,65.44856770833333,129.73177083333334
23.1,13.208916033332045,0,26.947916666666668,65.44856770833333,129.73177083333334
27.8,13.208916033332045,0,26.947916666666668,65.44856770833333,129.73177083333334
22.9,13.208916033332045,0,26.947916666666668,65.44856770833333,129.73177083333334
26.3,13.208916033332045,0,26.947916666666668,65.44856770833333,129.73177083333334
21.5,13.208916033332045,0,26.947916666666668,65.44856770833333,129.73177083333334
20.4,13.208916033332045,0,26.947916666666668,65.44856770833333,129.73177083333334
25.1,13.208916033332045,0,26.947916666666668,65.44856770833333,129.73177083333334
26.4,13.208916033332045,0,26.947916666666668,65.44856770833333,129.73177083333334
25.1,13.208916033332045,0,26.947916666666668,65.44856770833333,129.73177083333334
21.3,13.208916033332045,0,26.947916666666668,65.44856770833333,129.73177083333334
20.4,13.208916033332045,0,26.947916666666668,65.44856770833333,129.73177083333334
23.0,13.208916033332045,0,26.947916666666668,65.44856770833333,129.73177083333334
28.7,13.208916033332045,0,26.947916666666668,65.44856770833333,129.73177083333334
28.9,13.208916033332045,0,26.947916666666668,65.44856770833333,129.73177083333334
23.0,13.208916033332045,0,26.947916666666668,65.44856770833333,129.73177083333334
21.2,13.208916033332045,0,26.947916666666668,65.44856770833333,129.73177083333334
22.8,7.0,1,26.0,85.0,104.0
22.0,17.0,1,28.0,77.0,98.0
28.1,26.0,1,28.0,75.0,93.0
22.5,24.0,1,29.0,73.0,115.0
21.9,16.0,1,26.0,84.0,92.0
13.5,18.0,1,28.0,75.0,92.0
12.3,23.0,1,29.0,69.0,107.0
10.8,26.0,1,30.0,65.0,128.0
7.9,24.0,1,30.0,64.0,140.0
8.1,21.0,1,29.0,67.0,132.0
9.5,20.0,1,29.0,70.0,124.0
11.3,19.0,1,28.0,71.0,119.0
9.3,16.0,1,27.0,78.0,110.0
8.1,13.0,1,27.0,81.0,110.0
9.9,9.0,1,26.0,84.0,109.0
12.3,13.0,2,26.0,86.0,115.0
16.4,17.0,1,25.0,87.0,111.0
9.8,16.0,1,25.0,92.0,109.0
12.2,3.0,1,25.0,93.0,109.0
13.2,2.0,1,25.0,93.0,105.0
9.7,2.0,1,25.0,93.0,126.0
12.0,1.0,1,24.0,90.0,120.0
10.9,5.0,1,23.0,80.0,119.0
11.4,11.479813664596273,0,23.0,84.0,106.0
10.2,13.208916033332045,1,25.0,81.0,95.0
7.3,11.0,1,28.0,65.0,93.0
7.2,11.479813664596273,1,29.0,61.0,125.0
6.9,2.0,1,30.0,61.0,99.0
9.5,11.479813664596273,1,30.0,59.0,126.0
12.4,1.0,1,30.0,62.0,113.0
14.4,5.0,1,30.0,63.0,111.0
13.0,3.0,1,30.0,64.0,150.0
16.4,1.0,1,30.0,61.0,133.0
7.6,11.479813664596273,1,29.0,63.0,147.0
14.8,2.0,1,29.0,69.0,123.0
12.3,11.479813664596273,1,28.0,74.0,123.0
14.2,2.0,1,28.0,77.0,108.0
13.5,2.0,1,28.0,73.0,135.0
17.6,13.208916033332045,0,26.947916666666668,65.44856770833333,129.73177083333334
16.1,17.0,1,27.0,77.0,119.0
11.3,2.0,1,27.0,78.0,117.0
12.7,15.0,1,27.0,79.0,95.0
10.2,11.479813664596273,1,27.0,79.0,102.0
13.9,1.0,1,27.0,80.0,101.0
15.9,1.0,1,27.0,81.0,95.0
13.6,11.479813664596273,1,27.0,81.0,106.0
13.7,11.479813664596273,1,27.0,82.0,111.0
14.4,11.479813664596273,1,27.0,82.0,115.0
13.5,11.0,1,27.0,82.0,114.0
15.4,13.208916033332045,1,27.0,79.0,111.0
14.3,7.0,1,28.0,76.0,109.0
14.2,10.0,1,30.0,68.0,111.0
13.6,24.0,1,30.0,64.0,150.0
12.8,23.0,1,30.0,60.0,134.0
18.3,23.0,1,30.0,63.0,151.0
15.8,11.479813664596273,1,28.0,80.0,123.0
15.5,1.0,1,29.0,73.0,128.0
16.7,9.0,1,28.0,74.0,154.0
15.5,2.0,1,27.0,79.0,119.0
14.3,1.0,1,27.0,79.0,126.0
14.7,11.479813664596273,1,27.0,80.0,126.0
15.0,3.0,1,27.0,81.0,136.0
15.7,17.0,1,27.0,83.0,127.0
10.9,24.0,1,26.0,85.0,128.0
8.4,26.0,1,26.0,87.0,130.0
9.3,27.0,1,26.0,86.0,114.0
11.2,27.0,1,26.0,84.0,120.0
19.2,15.0,1,26.0,84.0,132.0
13.0,10.0,1,26.0,85.0,115.0
12.3,13.208916033332045,1,26.0,85.0,165.0
12.3,11.479813664596273,1,26.0,85.0,129.0
13.5,11.479813664596273,1,26.0,86.0,163.0
11.8,20.0,1,26.0,87.0,191.0
7.5,5.0,1,25.0,89.0,173.0
10.0,13.208916033332045,1,26.0,90.0,189.0
10.1,12.0,1,27.0,87.0,214.0
9.4,11.479813664596273,1,28.0,80.0,171.0
8.4,1.0,1,28.0,79.0,192.0
16.2,2.0,1,28.0,80.0,155.0
17.7,4.0,1,27.0,81.0,234.0
20.6,8.0,1,28.0,75.0,220.0
14.9,17.0,1,27.0,79.0,172.0
12.4,26.0,1,27.0,78.0,169.0
9.6,31.0,1,27.0,82.0,195.0
8.9,19.0,0,27.0,79.0,168.0
18.2,29.0,1,26.0,83.0,171.0
17.2,31.0,1,26.0,82.0,183.0
15.8,34.0,1,27.0,80.0,136.0
14.0,33.0,1,27.0,76.0,197.0
16.2,26.0,1,27.0,75.0,137.0
14.0,24.0,1,27.0,75.0,156.0
10.2,34.0,1,27.0,78.0,152.0
12.5,34.0,1,26.0,86.0,136.0
9.9,21.0,1,26.0,83.0,169.0
7.7,16.0,0,26.0,80.0,150.0
12.6,11.0,1,27.0,79.0,108.0
13.5,23.0,1,27.0,78.0,101.0
9.0,30.0,1,28.0,73.0,91.0
15.8,31.0,0,29.0,70.0,188.0
20.3,13.208916033332045,1,30.0,67.0,225.0
14.9,29.0,1,31.0,62.0,216.0
15.5,13.0,1,31.0,61.0,232.0
17.4,25.0,1,30.0,65.0,223.0
17.7,29.0,1,30.0,66.0,206.0
17.9,25.0,1,29.0,69.0,222.0
20.1,9.0,2,28.0,77.0,234.0
16.1,30.0,1,27.0,80.0,208.0
15.7,31.0,1,27.0,79.0,180.0
17.0,30.0,1,27.0,78.0,193.0
22.6,31.0,1,27.0,77.0,191.0
24.2,32.0,1,27.0,76.0,179.0
23.3,33.0,1,27.0,77.0,172.0
16.9,36.0,1,27.0,77.0,184.0
22.9,35.0,1,27.0,77.0,157.0
19.5,33.0,1,27.0,78.0,156.0
14.9,34.0,1,27.0,77.0,127.0
17.8,34.0,1,26.0,78.0,124.0
15.1,32.0,1,26.0,79.0,111.0
19.1,28.0,1,26.0,80.0,107.0
20.3,27.0,1,26.0,80.0,113.0
18.5,31.0,0,27.0,77.0,123.0
14.4,28.0,1,28.0,68.0,150.0
14.5,26.0,1,29.0,63.0,201.0
18.8,12.0,0,29.0,65.0,190.0
13.8,13.208916033332045,1,31.0,56.0,233.0
14.0,31.0,1,31.0,59.0,191.0
18.4,30.0,0,31.0,58.0,159.0
21.1,30.0,0,30.0,63.0,173.0
20.2,30.0,1,30.0,65.0,176.0
16.1,30.0,1,29.0,65.0,192.0
14.3,37.0,1,28.0,72.0,207.0
15.5,36.0,1,27.0,74.0,227.0
12.1,30.0,1,27.0,75.0,201.0
13.3,30.0,1,27.0,77.0,182.0
16.7,29.0,1,27.0,76.0,173.0
17.0,31.0,1,27.0,75.0,172.0
13.1,32.0,1,27.0,76.0,122.0
11.8,31.0,1,26.0,78.0,108.0
14.4,32.0,1,26.0,78.0,110.0
24.2,33.0,1,26.0,78.0,102.0
21.0,34.0,1,26.0,78.0,111.0
18.0,35.0,0,26.0,78.0,141.0
13.6,33.0,1,26.0,78.0,134.0
17.6,31.0,1,26.0,76.0,119.0
12.2,33.0,1,26.0,74.0,104.0
13.9,32.0,1,28.0,70.0,106.0
22.1,34.0,0,29.0,66.0,192.0
17.3,35.0,1,29.0,64.0,191.0
13.8,35.0,0,30.0,60.0,232.0
12.4,13.208916033332045,1,31.0,57.0,199.0
18.5,33.0,1,31.0,57.0,210.0
14.6,32.0,1,31.0,58.0,210.0
13.1,31.0,1,31.0,57.0,165.0
18.8,33.0,1,30.0,60.0,198.0
18.9,33.0,0,29.0,66.0,205.0
20.8,33.0,1,28.0,70.0,219.0
20.9,32.0,1,27.0,73.0,188.0
21.6,32.0,1,27.0,74.0,155.0
18.3,33.0,1,27.0,75.0,170.0
21.6,33.0,1,27.0,74.0,145.0
14.2,33.0,1,27.0,74.0,120.0
10.8,33.0,1,27.0,75.0,114.0
12.1,31.0,1,26.0,77.0,109.0
21.6,31.0,1,26.0,77.0,106.0
20.0,32.0,1,26.0,77.0,107.0
19.7,33.0,1,26.0,77.0,119.0
15.6,33.0,1,25.0,83.0,131.0
16.2,31.0,1,25.0,87.0,113.0
10.5,30.0,1,26.0,82.0,128.0
15.8,29.0,1,27.0,77.0,116.0
12.1,33.0,1,28.0,72.0,193.0
14.7,34.0,1,30.0,65.0,218.0
16.2,33.0,0,30.0,61.0,227.0
16.9,34.0,1,31.0,59.0,202.0
15.6,13.208916033332045,0,31.0,56.0,205.0
19.6,7.0,1,31.0,55.0,202.0
21.4,23.0,1,31.0,57.0,194.0
16.1,2.0,1,30.0,58.0,188.0
25.1,11.479813664596273,1,29.0,61.0,142.0
20.1,3.0,1,28.0,70.0,152.0
18.0,4.0,1,27.0,73.0,202.0
20.3,11.0,1,27.0,73.0,149.0
23.5,13.0,1,27.0,73.0,134.0
17.9,15.0,1,27.0,74.0,123.0
10.5,32.0,1,27.0,79.0,127.0
12.2,33.0,1,26.0,82.0,172.0
11.8,17.0,1,26.0,80.0,175.0
18.0,1.0,1,25.0,85.0,134.0
9.6,11.0,1,25.0,82.0,167.0
12.5,8.0,1,26.0,81.0,103.0
12.5,11.479813664596273,1,26.0,82.0,108.0
10.4,1.0,1,26.0,83.0,121.0
18.7,13.0,1,26.0,81.0,125.0
17.5,11.479813664596273,1,28.0,74.0,120.0
17.2,3.0,1,29.0,67.0,167.0
12.7,20.0,0,30.0,60.0,148.0
14.9,30.0,0,31.0,56.0,193.0
15.3,31.0,1,32.0,52.0,198.0
18.9,19.0,1,32.0,52.0,166.0
15.8,13.208916033332045,1,32.0,50.0,188.0
17.4,14.0,1,32.0,52.0,184.0
16.3,11.479813664596273,1,31.0,55.0,139.0
21.5,1.0,1,29.0,61.0,130.0
16.4,6.0,1,28.0,67.0,131.0
24.0,2.0,1,28.0,71.0,120.0
21.0,4.0,1,27.0,72.0,120.0
22.1,14.0,1,27.0,73.0,121.0
14.7,26.0,1,27.0,75.0,117.0
14.3,28.0,1,27.0,76.0,118.0
18.0,25.0,0,26.0,78.0,113.0
18.7,6.0,0,26.0,79.0,107.0
23.7,17.0,1,26.0,78.0,108.0
17.1,1.0,1,26.0,79.0,114.0
14.8,9.0,1,26.0,82.0,112.0
19.8,11.479813664596273,0,26.0,85.0,108.0
15.8,1.0,0,25.0,88.0,107.0
21.7,2.0,0,26.0,86.0,108.0
21.2,1.0,1,28.0,75.0,110.0
16.1,1.0,1,29.0,68.0,127.0
15.0,11.479813664596273,1,30.0,59.0,164.0
13.3,2.0,1,31.0,58.0,164.0
14.0,14.0,1,31.0,55.0,189.0
17.4,11.479813664596273,1,31.0,54.0,184.0
16.3,16.0,1,31.0,54.0,161.0
12.9,13.208916033332045,1,31.0,54.0,180.0
8.2,26.0,1,31.0,56.0,153.0
12.6,3.0,1,29.0,65.0,153.0
14.5,18.0,1,28.0,71.0,150.0
14.7,6.0,1,28.0,75.0,117.0
20.0,14.0,1,27.0,76.0,119.0
18.7,17.0,1,27.0,77.0,118.0
16.7,11.479813664596273,1,27.0,81.0,108.0
24.3,11.479813664596273,1,26.0,81.0,111.0
19.6,1.0,0,26.0,82.0,110.0
19.2,12.0,0,26.0,85.0,108.0
19.0,9.0,0,26.0,86.0,106.0
17.8,1.0,0,25.0,88.0,111.0
13.8,11.479813664596273,0,25.0,89.0,116.0
19.7,11.479813664596273,0,25.0,89.0,114.0
18.0,11.479813664596273,0,25.0,89.0,105.0
23.9,2.0,0,26.0,85.0,105.0
29.9,1.0,1,28.0,78.0,111.0
23.5,2.0,1,29.0,70.0,121.0
19.5,1.0,1,30.0,61.0,142.0
17.8,1.0,1,31.0,57.0,171.0
18.9,1.0,1,32.0,53.0,160.0
17.5,9.0,1,32.0,52.0,171.0
17.9,16.0,1,32.0,51.0,164.0
16.7,5.0,1,31.0,52.0,167.0
13.1,13.208916033332045,1,31.0,54.0,166.0
17.8,20.0,1,29.0,62.0,135.0
13.0,18.0,1,28.0,68.0,126.0
22.5,11.479813664596273,1,28.0,73.0,117.0
21.9,1.0,1,27.0,75.0,113.0
22.3,10.0,1,27.0,77.0,111.0
20.7,1.0,1,27.0,80.0,113.0
25.6,11.479813664596273,1,26.0,83.0,109.0
30.9,11.479813664596273,0,26.0,84.0,109.0
25.9,1.0,0,26.0,86.0,108.0
27.4,4.0,0,25.0,86.0,107.0
18.4,11.479813664596273,0,25.0,89.0,105.0
25.1,11.479813664596273,0,25.0,89.0,105.0
29.3,11.479813664596273,0,24.0,91.0,103.0
30.1,11.479813664596273,0,24.0,91.0,104.0
29.6,1.0,0,25.0,90.0,105.0
32.4,5.0,0,27.0,81.0,109.0
31.8,11.479813664596273,1,29.0,68.0,113.0
19.3,11.479813664596273,1,31.0,59.0,127.0
15.8,11.479813664596273,1,32.0,54.0,169.0
18.4,1.0,1,32.0,52.0,191.0
16.5,3.0,1,32.0,52.0,172.0
15.0,5.0,1,32.0,50.0,141.0
13.6,1.0,1,32.0,52.0,168.0
14.4,2.0,1,31.0,57.0,153.0
10.7,13.208916033332045,1,30.0,64.0,158.0
11.9,15.0,1,29.0,70.0,116.0
16.7,13.0,1,28.0,74.0,122.0
16.7,11.479813664596273,1,27.0,77.0,116.0
23.6,7.0,1,27.0,79.0,116.0
17.3,11.479813664596273,1,27.0,80.0,110.0
19.4,1.0,0,27.0,81.0,110.0
17.2,11.479813664596273,0,26.0,82.0,109.0
18.6,1.0,0,26.0,84.0,108.0
22.2,11.479813664596273,0,26.0,85.0,107.0
21.9,9.0,1,26.0,80.0,117.0
17.3,15.0,1,26.0,79.0,116.0
16.1,15.0,1,26.0,78.0,114.0
14.6,2.0,0,25.0,87.0,107.0
25.8,1.0,0,26.0,87.0,108.0
33.8,1.0,1,28.0,74.0,111.0
20.5,1.0,1,29.0,66.0,124.0
12.5,1.0,1,30.0,61.0,134.0
18.8,11.479813664596273,1,32.0,55.0,138.0
12.9,1.0,1,32.0,52.0,164.0
11.3,2.0,1,32.0,51.0,148.0
12.0,15.0,1,33.0,50.0,149.0
19.2,3.0,1,32.0,52.0,167.0
14.1,17.0,1,31.0,57.0,186.0
11.9,11.479813664596273,1,30.0,65.0,188.0
13.1,13.208916033332045,1,28.0,70.0,182.0
20.9,3.0,1,28.0,72.0,140.0
20.2,1.0,1,28.0,74.0,119.0
16.8,4.0,1,27.0,76.0,112.0
15.5,1.0,1,27.0,77.0,111.0
10.5,1.0,0,27.0,78.0,107.0
12.7,11.479813664596273,0,27.0,79.0,108.0
13.0,6.0,0,27.0,80.0,106.0
9.9,11.0,0,27.0,78.0,100.0
13.2,11.479813664596273,0,26.0,81.0,96.0
14.2,13.0,0,26.0,84.0,100.0
15.7,2.0,0,25.0,89.0,107.0
23.3,2.0,0,25.0,89.0,103.0
24.0,3.0,0,25.0,87.0,107.0
29.4,12.0,1,28.0,73.0,110.0
19.3,1.0,1,30.0,63.0,95.0
16.4,1.0,1,31.0,58.0,109.0
17.4,11.479813664596273,1,33.0,54.0,121.0
17.2,11.479813664596273,2,33.0,52.0,122.0
15.4,25.0,2,33.0,54.0,137.0
17.6,1.0,3,33.0,55.0,140.0
20.5,2.0,3,32.0,55.0,145.0
20.7,24.0,2,31.0,57.0,140.0
25.7,2.0,2,30.0,63.0,138.0
21.7,28.0,1,29.0,68.0,128.0
22.7,13.208916033332045,1,28.0,72.0,128.0
26.5,28.0,1,28.0,75.0,112.0
22.9,11.479813664596273,1,27.0,78.0,111.0
29.1,11.479813664596273,0,27.0,78.0,107.0
27.4,11.479813664596273,0,27.0,77.0,108.0
22.2,7.0,0,27.0,79.0,106.0
28.9,1.0,0,26.0,84.0,102.0
36.0,5.0,0,26.0,85.0,99.0
31.0,9.0,0,25.0,86.0,102.0
27.9,12.0,0,25.0,88.0,100.0
31.2,14.0,0,25.0,89.0,102.0
30.2,14.0,0,25.0,89.0,101.0
33.8,11.479813664596273,0,25.0,89.0,113.0
39.3,9.0,1,27.0,81.0,106.0
43.4,11.479813664596273,1,29.0,72.0,116.0
26.9,3.0,1,30.0,62.0,124.0
25.3,11.479813664596273,2,32.0,59.0,124.0
26.8,1.0,2,33.0,53.0,130.0
22.0,2.0,1,33.0,49.0,139.0
21.4,26.0,1,33.0,47.0,159.0
24.6,26.0,1,33.0,49.0,147.0
22.5,9.0,1,32.0,53.0,134.0
25.3,33.0,1,31.0,58.0,149.0
15.0,25.0,1,29.0,63.0,123.0
19.5,11.479813664596273,1,28.0,71.0,113.0
17.4,13.208916033332045,1,28.0,74.0,109.0
16.3,6.0,1,28.0,76.0,112.0
16.0,1.0,0,27.0,78.0,111.0
17.4,1.0,1,27.0,78.0,114.0
17.813627386438448,8.0,1,27.0,76.0,119.0
17.813627386438448,11.479813664596273,0,27.0,77.0,103.0
19.8,11.479813664596273,0,26.0,83.0,101.0
23.1,11.479813664596273,0,26.0,85.0,103.0
20.7,2.0,0,25.0,87.0,104.0
24.0,11.479813664596273,0,25.0,89.0,106.0
23.4,1.0,0,25.0,89.0,106.0
26.3,11.479813664596273,0,25.0,89.0,107.0
31.0,1.0,1,26.0,85.0,111.0
32.9,10.0,2,28.0,77.0,120.0
26.2,10.0,2,30.0,68.0,126.0
20.3,4.0,2,31.0,63.0,126.0
19.5,5.0,2,32.0,55.0,131.0
13.5,18.0,1,33.0,50.0,159.0
12.9,5.0,1,33.0,50.0,173.0
11.1,12.0,1,33.0,50.0,148.0
17.813627386438448,5.0,1,32.0,53.0,166.0
17.813627386438448,4.0,2,31.0,57.0,128.0
12.5,3.0,1,30.0,63.0,125.0
13.9,11.479813664596273,1,29.0,71.0,115.0
20.0,11.479813664596273,1,28.0,75.0,113.0
19.3,13.208916033332045,1,28.0,77.0,111.0
17.7,8.0,1,28.0,79.0,112.0
18.8,1.0,0,28.0,80.0,107.0
17.1,2.0,0,28.0,80.0,105.0
13.3,5.0,1,27.0,83.0,105.0
18.8,2.0,0,26.0,86.0,103.0
22.5,6.0,0,26.0,85.0,94.0
18.2,2.0,1,26.0,86.0,95.0
27.0,1.0,0,26.0,88.0,101.0
31.5,11.479813664596273,0,25.0,89.0,99.0
24.8,11.479813664596273,0,26.0,85.0,100.0
28.4,11.479813664596273,1,28.0,74.0,119.0
22.3,11.0,1,30.0,65.0,122.0
22.5,11.479813664596273,1,31.0,57.0,120.0
20.3,8.0,2,33.0,49.0,136.0
16.9,11.0,1,33.0,45.0,165.0
16.7,25.0,1,33.0,45.0,160.0
14.9,25.0,1,33.0,44.0,137.0
20.5,21.0,1,33.0,46.0,153.0
15.6,11.479813664596273,1,32.0,48.0,175.0
18.5,4.0,2,30.0,58.0,134.0
20.0,7.0,2,29.0,67.0,126.0
23.1,11.479813664596273,1,29.0,71.0,115.0
20.3,1.0,1,28.0,71.0,109.0
21.1,11.479813664596273,1,28.0,72.0,111.0
20.9,13.208916033332045,1,27.0,75.0,111.0
20.4,12.0,0,27.0,77.0,110.0
20.8,1.0,0,27.0,79.0,105.0
17.0,8.0,0,27.0,81.0,100.0
16.2,4.0,1,26.0,82.0,95.0
25.8,4.0,0,26.0,85.0,96.0
27.2,2.0,0,26.0,85.0,94.0
31.1,11.479813664596273,0,25.0,86.0,100.0
29.7,1.0,0,25.0,87.0,100.0
27.8,11.479813664596273,1,26.0,87.0,107.0
37.5,11.479813664596273,1,28.0,75.0,102.0
34.1,1.0,1,30.0,63.0,102.0
22.6,1.0,1,32.0,55.0,118.0
18.8,10.0,2,33.0,52.0,123.0
15.3,19.0,1,34.0,44.0,141.0
13.9,20.0,1,34.0,46.0,163.0
11.4,20.0,1,33.0,46.0,152.0
14.8,4.0,2,33.0,46.0,149.0
15.2,13.0,2,32.0,52.0,137.0
14.1,3.0,2,31.0,59.0,141.0
18.2,7.0,1,29.0,67.0,137.0
15.7,11.479813664596273,1,29.0,72.0,119.0
16.4,1.0,1,28.0,74.0,114.0
18.1,11.479813664596273,1,28.0,76.0,112.0
18.9,3.0,1,28.0,77.0,109.0
24.4,13.208916033332045,1,28.0,77.0,107.0
20.9,10.0,0,27.0,76.0,103.0
13.3,2.0,0,27.0,81.0,101.0
18.8,3.0,0,27.0,83.0,104.0
18.1,6.0,0,27.0,83.0,101.0
24.1,1.0,0,26.0,84.0,103.0
28.6,2.0,0,26.0,87.0,105.0
31.8,11.479813664596273,0,26.0,87.0,100.0
27.5,11.479813664596273,0,26.0,83.0,103.0
31.5,1.0,1,29.0,72.0,115.0
20.7,5.0,1,30.0,67.0,123.0
24.7,6.0,1,31.0,63.0,133.0
28.8,11.479813664596273,1,32.0,56.0,136.0
27.4,3.0,1,33.0,51.0,137.0
28.6,26.0,1,33.0,50.0,170.0
28.5,17.0,1,33.0,50.0,200.0
28.4,11.0,1,33.0,49.0,166.0
17.813627386438448,21.0,1,32.0,53.0,154.0
23.8,4.0,1,30.0,56.0,175.0
18.1,21.0,1,29.0,64.0,131.0
16.4,19.0,1,28.0,66.0,203.0
19.2,1.0,1,28.0,67.0,172.0
16.9,1.0,1,28.0,67.0,140.0
18.3,7.0,1,28.0,69.0,119.0
19.4,11.479813664596273,1,28.0,70.0,112.0
16.2,13.208916033332045,1,27.0,70.0,105.0
16.2,2.0,1,27.0,71.0,101.0
15.1,11.0,0,26.0,73.0,95.0
18.2,1.0,0,26.0,76.0,98.0
18.5,3.0,0,26.0,79.0,97.0
22.3,16.0,1,26.0,76.0,105.0
21.4,5.0,0,25.0,84.0,103.0
22.2,6.0,1,26.0,80.0,107.0
25.1,1.0,1,28.0,70.0,105.0
21.4,11.479813664596273,1,29.0,65.0,125.0
24.8,11.0,1,31.0,58.0,159.0
17.7,3.0,1,32.0,55.0,184.0
15.6,11.479813664596273,1,32.0,52.0,231.0
17.3,1.0,1,33.0,51.0,216.0
14.9,5.0,1,33.0,50.0,220.0
15.9,16.0,1,33.0,51.0,195.0
17.6,9.0,1,32.0,54.0,203.0
20.9,14.0,1,31.0,57.0,168.0
17.0,25.0,1,29.0,64.0,200.0
18.1,24.0,1,29.0,65.0,159.0
26.2,11.479813664596273,1,29.0,65.0,132.0
25.1,11.0,1,28.0,65.0,136.0
24.6,2.0,1,28.0,67.0,106.0
25.0,1.0,1,28.0,69.0,96.0
22.7,11.479813664596273,1,28.0,71.0,110.0
24.4,13.208916033332045,1,27.0,71.0,107.0
22.5,11.479813664596273,1,28.0,68.0,121.0
21.0,2.0,1,27.0,67.0,110.0
18.9,24.0,1,27.0,72.0,92.0
16.2,35.0,1,27.0,71.0,81.0
15.4,36.0,1,27.0,71.0,85.0
19.0,23.0,1,27.0,67.0,86.0
22.2,10.0,1,28.0,64.0,121.0
21.7,4.0,1,29.0,60.0,139.0
25.1,4.0,0,30.0,56.0,222.0
18.2,2.0,1,31.0,53.0,228.0
18.2,1.0,2,32.0,48.0,239.0
16.8,11.0,2,32.0,47.0,245.0
17.7,21.0,2,32.0,46.0,238.0
19.5,10.0,1,32.0,50.0,219.0
21.5,34.0,1,31.0,52.0,235.0
19.3,34.0,1,30.0,57.0,218.0
17.2,34.0,1,29.0,62.0,171.0
18.8,25.0,1,28.0,63.0,160.0
17.813627386438448,13.208916033332045,1,28.0,63.0,141.0
17.813627386438448,3.0,1,28.0,63.0,146.0
20.2,2.0,1,28.0,64.0,128.0
24.0,1.0,1,28.0,67.0,110.0
20.7,23.0,1,27.0,68.0,112.0
22.2,4.0,1,27.0,70.0,92.0
22.6,13.208916033332045,1,27.0,70.0,88.0
21.5,41.0,1,27.0,70.0,109.0
18.7,41.0,1,27.0,71.0,93.0
20.6,41.0,1,26.0,72.0,106.0
21.4,28.0,1,26.0,72.0,103.0
25.9,4.0,1,27.0,70.0,75.0
27.8,2.0,1,28.0,69.0,101.0
24.5,9.0,1,29.0,65.0,136.0
19.3,2.0,1,30.0,56.0,230.0
21.9,1.0,1,31.0,52.0,225.0
22.8,16.0,1,32.0,49.0,225.0
20.8,1.0,1,32.0,47.0,226.0
19.3,1.0,2,32.0,48.0,241.0
19.7,8.0,2,31.0,49.0,241.0
17.1,15.0,1,31.0,52.0,205.0
22.2,11.479813664596273,1,30.0,57.0,230.0
20.7,30.0,1,28.0,63.0,198.0
22.2,4.0,1,28.0,65.0,205.0
20.5,14.0,1,28.0,67.0,193.0
20.2,3.0,1,28.0,69.0,207.0
21.1,4.0,1,27.0,70.0,170.0
22.5,6.0,2,27.0,71.0,211.0
25.1,16.0,1,27.0,72.0,215.0
22.3,1.0,1,27.0,70.0,214.0
16.2,16.0,1,27.0,67.0,201.0
19.2,13.208916033332045,1,27.0,68.0,123.0
16.5,40.0,1,27.0,73.0,104.0
17.3,41.0,1,27.0,73.0,115.0
20.0,39.0,1,26.0,75.0,115.0
25.8,13.0,1,27.0,75.0,124.0
22.2,4.0,1,28.0,70.0,105.0
22.3,5.0,1,29.0,66.0,140.0
18.0,2.0,1,30.0,60.0,148.0
21.1,11.479813664596273,1,31.0,53.0,176.0
21.2,23.0,1,32.0,51.0,209.0
20.2,10.0,1,32.0,52.0,204.0
19.0,8.0,1,32.0,52.0,196.0
15.3,23.0,1,31.0,56.0,172.0
18.0,33.0,1,30.0,58.0,210.0
19.5,31.0,1,29.0,60.0,175.0
20.6,12.0,1,29.0,65.0,158.0
25.6,15.0,1,28.0,69.0,141.0
19.2,14.0,1,28.0,70.0,131.0
18.3,2.0,1,28.0,68.0,133.0
17.2,3.0,1,28.0,70.0,134.0
15.8,4.0,1,28.0,71.0,125.0
18.7,24.0,1,28.0,71.0,125.0
21.5,13.208916033332045,1,27.0,77.0,113.0
15.2,139.0,1,26.0,84.0,116.0
13.8,107.0,1,27.0,80.0,141.0
13.3,13.208916033332045,1,26.0,83.0,123.0
12.3,26.0,1,26.0,79.0,179.0
15.2,18.0,1,26.0,82.0,132.0
20.8,5.0,1,26.0,85.0,137.0
16.3,11.479813664596273,1,27.0,85.0,131.0
19.2,11.479813664596273,1,28.0,77.0,137.0
18.3,3.0,1,30.0,66.0,219.0
19.1,3.0,1,30.0,68.0,207.0
17.8,2.0,1,32.0,59.0,228.0
18.2,7.0,1,32.0,59.0,212.0
17.8,23.0,1,32.0,59.0,189.0
23.9,23.0,1,31.0,61.0,173.0
15.6,24.0,1,30.0,63.0,216.0
17.6,10.0,1,30.0,66.0,194.0
19.6,4.0,1,29.0,71.0,204.0
26.3,11.479813664596273,1,28.0,73.0,191.0
23.1,4.0,1,28.0,74.0,187.0
21.3,6.0,1,28.0,75.0,158.0
20.9,6.0,1,28.0,74.0,134.0
15.4,3.0,1,28.0,74.0,104.0
15.9,3.0,1,27.0,77.0,121.0
19.9,22.0,1,27.0,78.0,135.0
18.3,23.0,1,27.0,78.0,157.0
10.6,23.0,1,27.0,79.0,145.0
13.3,23.0,1,27.0,80.0,143.0
12.1,13.208916033332045,1,27.0,80.0,143.0
18.9,22.0,1,27.0,81.0,122.0
23.3,3.0,1,27.0,79.0,124.0
23.3,4.0,1,29.0,70.0,148.0
13.2,2.0,0,31.0,61.0,165.0
22.4,2.0,1,31.0,57.0,224.0
18.8,4.0,1,32.0,55.0,229.0
18.2,20.0,1,32.0,51.0,253.0
17.8,3.0,1,33.0,50.0,233.0
18.6,8.0,1,33.0,51.0,217.0
13.4,2.0,1,32.0,53.0,198.0
15.8,5.0,1,32.0,56.0,189.0
17.6,3.0,1,30.0,61.0,198.0
16.1,2.0,1,29.0,66.0,207.0
16.9,9.0,1,28.0,70.0,208.0
19.3,2.0,1,28.0,71.0,202.0
13.2,2.0,1,28.0,73.0,177.0
23.3,11.479813664596273,1,28.0,73.0,120.0
17.9,3.0,1,28.0,74.0,120.0
22.7,8.0,1,28.0,73.0,113.0
16.9,6.0,1,28.0,74.0,109.0
17.7,11.479813664596273,1,27.0,75.0,115.0
12.2,22.0,1,27.0,76.0,99.0
13.9,22.0,1,27.0,78.0,105.0
12.8,16.0,1,27.0,78.0,115.0
19.9,13.208916033332045,1,27.0,79.0,99.0
19.9,11.479813664596273,1,27.0,76.0,106.0
20.4,17.0,1,29.0,70.0,108.0
16.0,1.0,1,30.0,61.0,121.0
19.2,9.0,1,31.0,54.0,152.0
15.8,6.0,1,32.0,52.0,188.0
16.2,4.0,1,32.0,50.0,222.0
14.4,11.479813664596273,1,33.0,47.0,204.0
18.2,2.0,1,33.0,47.0,147.0
9.2,23.0,1,33.0,46.0,152.0
17.1,2.0,1,32.0,52.0,192.0
15.2,4.0,1,30.0,60.0,148.0
20.3,7.0,1,29.0,67.0,138.0
19.1,2.0,1,28.0,71.0,129.0
19.6,11.479813664596273,1,28.0,71.0,124.0
14.4,2.0,1,28.0,72.0,111.0
15.4,2.0,1,28.0,73.0,113.0
16.2,11.0,1,28.0,74.0,110.0
17.8,18.0,1,27.0,75.0,111.0
14.5,1.0,1,27.0,75.0,102.0
14.7,17.0,1,27.0,77.0,95.0
16.2,21.0,1,27.0,77.0,110.0
17.1,21.0,1,26.0,78.0,117.0
16.2,20.0,1,26.0,77.0,117.0
21.0,2.0,1,26.0,78.0,113.0
26.1,13.208916033332045,1,27.0,77.0,130.0
19.2,17.0,1,28.0,71.0,115.0
17.1,1.0,1,29.0,64.0,120.0
22.4,11.479813664596273,1,30.0,57.0,147.0
21.3,1.0,1,32.0,50.0,151.0
23.2,20.0,1,32.0,46.0,160.0
20.8,11.479813664596273,1,33.0,40.0,161.0
15.6,25.0,1,33.0,42.0,159.0
18.5,25.0,2,32.0,47.0,157.0
21.0,25.0,1,32.0,50.0,152.0
17.2,23.0,1,30.0,55.0,155.0
15.3,21.0,1,29.0,64.0,180.0
18.5,21.0,1,28.0,68.0,165.0
19.2,22.0,1,28.0,70.0,137.0
15.7,22.0,1,28.0,69.0,123.0
22.6,18.0,1,28.0,69.0,112.0
17.1,15.0,1,28.0,70.0,106.0
17.1,13.0,1,27.0,71.0,103.0
14.6,20.0,1,27.0,72.0,110.0
16.3,20.0,1,27.0,75.0,107.0
16.7,21.0,1,27.0,76.0,109.0
14.6,20.0,1,27.0,75.0,112.0
17.0,19.0,0,26.0,77.0,107.0
23.8,19.0,1,26.0,76.0,112.0
23.6,19.0,1,27.0,75.0,114.0
22.2,13.208916033332045,1,29.0,68.0,120.0
17.813627386438448,24.0,1,30.0,61.0,121.0
17.813627386438448,23.0,1,31.0,57.0,126.0
17.9,23.0,1,32.0,53.0,159.0
18.6,23.0,1,32.0,54.0,202.0
17.3,23.0,1,32.0,55.0,218.0
17.2,22.0,1,32.0,58.0,199.0
14.8,19.0,1,31.0,60.0,180.0
16.0,19.0,1,30.0,65.0,160.0
18.0,18.0,1,29.0,68.0,131.0
21.0,18.0,1,29.0,69.0,120.0
22.7,17.0,1,27.0,81.0,116.0
21.5,12.0,1,27.0,86.0,111.0
27.0,16.0,0,27.0,82.0,106.0
24.7,28.0,1,28.0,78.0,105.0
14.2,23.0,1,28.0,77.0,107.0
14.4,18.0,1,28.0,76.0,108.0
17.5,17.0,1,28.0,76.0,106.0
14.0,18.0,0,28.0,76.0,104.0
13.6,18.0,1,28.0,74.0,96.0
14.4,17.0,1,27.0,78.0,94.0
13.2,18.0,1,27.0,78.0,102.0
13.5,15.0,0,27.0,78.0,102.0
19.7,14.0,1,28.0,76.0,96.0
19.0,18.0,1,29.0,71.0,112.0
10.2,13.208916033332045,1,31.0,61.0,115.0
13.5,22.0,1,31.0,57.0,136.0
14.4,22.0,1,32.0,55.0,147.0
14.7,24.0,2,32.0,55.0,139.0
10.6,23.0,1,33.0,52.0,155.0
11.9,20.0,1,33.0,57.0,169.0
9.8,19.0,1,31.0,60.0,157.0
8.5,18.0,1,31.0,60.0,177.0
12.7,15.0,1,30.0,65.0,144.0
14.1,18.0,1,29.0,69.0,126.0
20.0,17.0,1,29.0,74.0,119.0
18.8,17.0,1,28.0,77.0,110.0
19.8,26.0,1,28.0,78.0,112.0
23.5,26.0,1,28.0,78.0,115.0
13.0,15.0,1,28.0,78.0,117.0
11.3,15.0,1,28.0,78.0,111.0
15.2,9.0,0,27.0,83.0,111.0
19.2,7.0,0,27.0,85.0,107.0
11.8,8.0,0,27.0,87.0,107.0
14.3,7.0,0,27.0,87.0,107.0
18.9,4.0,0,26.0,88.0,106.0
26.2,3.0,0,26.0,89.0,106.0
28.9,6.0,0,27.0,85.0,105.0
31.4,18.0,1,29.0,69.0,112.0
19.0,25.0,1,31.0,62.0,93.0
15.7,13.208916033332045,1,32.0,56.0,104.0
17.8,19.0,1,34.0,48.0,127.0
14.5,19.0,1,34.0,47.0,167.0
13.5,19.0,1,34.0,48.0,170.0
9.8,19.0,1,34.0,46.0,151.0
10.7,20.0,1,33.0,52.0,194.0
14.7,18.0,1,32.0,59.0,175.0
13.1,16.0,1,30.0,65.0,140.0
19.0,17.0,1,29.0,70.0,129.0
18.3,16.0,1,29.0,72.0,115.0
13.1,18.0,2,29.0,73.0,116.0
10.9,27.0,1,28.0,73.0,110.0
10.3,27.0,1,28.0,75.0,108.0
11.5,21.0,1,28.0,77.0,108.0
12.6,13.0,0,28.0,80.0,106.0
20.4,9.0,0,27.0,82.0,105.0
19.8,9.0,0,27.0,84.0,105.0
12.3,6.0,1,27.0,84.0,95.0
13.9,5.0,0,26.0,87.0,109.0
20.6,4.0,0,26.0,89.0,109.0
25.7,2.0,0,26.0,89.0,112.0
21.8,7.0,0,26.0,87.0,109.0
24.0,16.0,1,28.0,72.0,108.0
17.7,23.0,1,30.0,62.0,102.0
12.8,31.0,1,32.0,54.0,118.0
10.2,13.208916033332045,1,33.0,47.0,130.0
9.2,22.0,1,34.0,45.0,127.0
9.5,23.0,1,34.0,44.0,142.0
8.4,28.0,2,34.0,43.0,147.0
13.6,30.0,1,34.0,45.0,155.0
17.9,28.0,1,33.0,52.0,174.0
14.0,25.0,2,31.0,57.0,151.0
16.1,22.0,1,30.0,66.0,138.0
19.4,19.0,1,29.0,71.0,120.0
14.4,20.0,1,28.0,73.0,116.0
18.2,30.0,1,28.0,74.0,113.0
16.4,29.0,1,28.0,75.0,109.0
11.4,20.0,1,28.0,76.0,107.0
17.5,19.0,1,28.0,76.0,106.0
17.0,17.0,1,27.0,78.0,108.0
15.6,14.0,0,27.0,81.0,106.0
13.4,12.0,0,26.0,83.0,114.0
11.8,7.0,0,26.0,86.0,109.0
20.1,11.0,1,26.0,83.0,101.0
20.5,3.0,0,26.0,85.0,105.0
25.9,4.0,1,26.0,84.0,103.0
25.4,21.0,1,29.0,69.0,118.0
15.2,25.0,1,31.0,60.0,108.0
12.9,27.0,1,31.0,56.0,134.0
13.2,27.0,1,33.0,51.0,136.0
10.0,13.208916033332045,1,33.0,48.0,138.0
11.2,24.0,1,33.0,46.0,144.0
8.5,24.0,1,33.0,45.0,170.0
8.6,22.0,1,33.0,45.0,156.0
7.9,22.0,2,33.0,49.0,138.0
9.7,21.0,1,31.0,55.0,156.0
10.3,20.0,1,29.0,64.0,157.0
11.2,19.0,1,29.0,68.0,118.0
12.0,21.0,2,28.0,69.0,118.0
12.5,22.0,1,28.0,70.0,110.0
9.8,28.0,1,28.0,72.0,109.0
9.3,20.0,1,28.0,74.0,107.0
10.5,15.0,1,27.0,76.0,106.0
12.6,10.0,1,27.0,79.0,107.0
16.2,10.0,1,26.0,82.0,106.0
14.8,9.0,0,26.0,84.0,105.0
16.9,8.0,0,26.0,85.0,105.0
16.1,5.0,1,25.0,87.0,106.0
21.7,2.0,0,25.0,88.0,105.0
23.0,5.0,0,26.0,83.0,102.0
17.813627386438448,13.208916033332045,1,28.0,71.0,113.0
17.813627386438448,13.208916033332045,1,30.0,63.0,131.0
12.1,13.208916033332045,1,31.0,56.0,159.0
10.1,13.208916033332045,1,32.0,52.0,164.0
7.3,13.208916033332045,1,32.0,50.0,171.0
6.9,13.208916033332045,1,33.0,49.0,176.0
5.3,13.208916033332045,1,33.0,48.0,175.0
5.6,13.208916033332045,1,33.0,50.0,185.0
8.6,13.208916033332045,1,32.0,52.0,192.0
10.0,13.208916033332045,1,31.0,53.0,189.0
12.1,13.208916033332045,1,30.0,62.0,136.0
10.4,13.208916033332045,1,29.0,68.0,131.0
15.6,13.208916033332045,1,28.0,71.0,112.0
18.3,13.208916033332045,1,28.0,73.0,113.0
12.4,13.208916033332045,1,28.0,75.0,111.0
10.2,13.208916033332045,1,28.0,75.0,115.0
12.6,13.208916033332045,1,27.0,76.0,109.0
10.0,13.208916033332045,1,27.0,75.0,117.0
11.4,13.208916033332045,1,27.0,73.0,119.0
7.2,13.208916033332045,1,27.0,76.0,110.0
8.8,13.208916033332045,1,27.0,77.0,106.0
11.1,13.208916033332045,1,27.0,76.0,103.0
18.9,13.208916033332045,1,26.0,78.0,103.0
15.0,13.208916033332045,1,27.0,75.0,92.0
10.3,13.208916033332045,1,29.0,67.0,115.0
13.7,13.208916033332045,1,31.0,58.0,115.0
11.7,13.208916033332045,1,31.0,54.0,125.0
10.2,13.208916033332045,1,32.0,47.0,161.0
8.2,13.208916033332045,1,33.0,47.0,139.0
9.2,13.208916033332045,1,33.0,46.0,152.0
6.8,13.208916033332045,1,33.0,48.0,149.0
6.4,13.208916033332045,1,33.0,48.0,166.0
12.4,13.208916033332045,1,32.0,51.0,159.0
10.9,13.208916033332045,1,31.0,54.0,179.0
14.0,13.208916033332045,1,30.0,61.0,190.0
17.5,13.208916033332045,1,29.0,68.0,154.0
16.1,13.208916033332045,2,28.0,69.0,132.0
12.7,13.208916033332045,1,28.0,71.0,121.0
11.1,13.208916033332045,2,28.0,74.0,118.0
17.0,13.208916033332045,1,28.0,72.0,114.0
13.3,13.208916033332045,1,28.0,72.0,123.0
10.5,13.208916033332045,1,27.0,73.0,135.0
10.8,13.208916033332045,1,27.0,74.0,144.0
7.1,13.208916033332045,1,27.0,75.0,92.0
10.0,13.208916033332045,1,26.0,77.0,97.0
13.3,13.208916033332045,1,26.0,77.0,100.0
16.3,13.208916033332045,1,26.0,78.0,97.0
13.2,13.208916033332045,1,27.0,75.0,100.0
13.7,13.208916033332045,1,29.0,65.0,92.0
10.5,13.208916033332045,1,31.0,59.0,111.0
12.4,13.208916033332045,1,32.0,54.0,135.0
17.8,13.208916033332045,1,33.0,48.0,138.0
15.7,13.208916033332045,1,34.0,44.0,185.0
12.0,13.208916033332045,1,33.0,51.0,172.0
13.6,13.208916033332045,1,33.0,52.0,159.0
17.5,13.208916033332045,1,33.0,54.0,155.0
20.0,13.208916033332045,2,32.0,58.0,153.0
20.4,13.208916033332045,2,31.0,61.0,156.0
22.6,13.208916033332045,1,29.0,67.0,144.0
26.2,13.208916033332045,2,29.0,69.0,126.0
25.4,13.208916033332045,1,29.0,72.0,185.0
19.1,13.208916033332045,1,28.0,72.0,142.0
21.2,13.208916033332045,1,28.0,68.0,140.0
17.7,13.208916033332045,1,28.0,70.0,113.0
18.1,13.208916033332045,1,28.0,72.0,120.0
15.2,13.208916033332045,1,28.0,74.0,124.0
14.8,13.208916033332045,1,27.0,74.0,125.0
12.9,13.208916033332045,1,27.0,74.0,122.0
17.3,13.208916033332045,1,27.0,75.0,123.0
15.6,13.208916033332045,1,27.0,75.0,122.0
27.4,13.208916033332045,1,27.0,76.0,115.0
27.3,13.208916033332045,1,28.0,73.0,121.0
19.2,13.208916033332045,1,29.0,68.0,117.0
22.5,13.208916033332045,1,30.0,63.0,135.0
22.4,13.208916033332045,1,32.0,55.0,200.0
18.9,13.208916033332045,1,32.0,52.0,158.0
20.0,13.208916033332045,1,33.0,49.0,221.0
18.3,13.208916033332045,1,33.0,45.0,171.0
17.8,13.208916033332045,1,33.0,47.0,201.0
19.8,13.208916033332045,1,33.0,51.0,153.0
18.3,13.208916033332045,1,32.0,54.0,163.0
16.8,13.208916033332045,1,31.0,56.0,187.0
22.9,13.208916033332045,1,30.0,63.0,158.0
19.8,13.208916033332045,1,29.0,69.0,170.0
20.2,13.208916033332045,1,29.0,72.0,191.0
16.0,13.208916033332045,1,28.0,72.0,139.0
18.7,13.208916033332045,1,28.0,72.0,119.0
16.6,13.208916033332045,1,28.0,72.0,116.0
14.1,13.208916033332045,1,28.0,72.0,102.0
17.2,13.208916033332045,1,28.0,73.0,96.0
11.5,13.208916033332045,1,28.0,74.0,114.0
9.7,13.208916033332045,1,27.0,75.0,94.0
12.4,13.208916033332045,1,27.0,77.0,95.0
18.8,13.208916033332045,1,27.0,77.0,114.0
24.7,13.208916033332045,1,27.0,77.0,103.0
17.7,13.208916033332045,1,27.0,75.0,108.0
20.6,13.208916033332045,1,29.0,67.0,96.0
18.4,13.208916033332045,1,30.0,62.0,119.0
17.813627386438448,11.479813664596273,1,32.0,52.0,162.0
17.813627386438448,5.0,1,32.0,51.0,149.0
15.3,13.0,1,33.0,49.0,188.0
12.3,2.0,1,33.0,48.0,168.0
10.2,21.0,1,33.0,49.0,186.0
18.1,23.0,1,32.0,51.0,190.0
13.5,11.479813664596273,1,32.0,56.0,181.0
12.1,13.208916033332045,1,30.0,61.0,197.0
15.3,3.0,1,29.0,66.0,178.0
21.7,9.0,1,29.0,67.0,162.0
17.5,1.0,1,29.0,68.0,134.0
21.1,11.479813664596273,1,29.0,69.0,140.0
23.2,11.479813664596273,1,29.0,70.0,111.0
16.2,8.0,1,28.0,71.0,120.0
18.3,9.0,1,28.0,72.0,119.0
14.5,19.0,1,28.0,74.0,140.0
12.4,20.0,1,28.0,74.0,117.0
11.7,21.0,1,28.0,74.0,115.0
17.8,17.0,1,27.0,74.0,108.0
18.0,11.479813664596273,1,27.0,75.0,83.0
18.9,11.479813664596273,1,27.0,76.0,96.0
19.8,6.0,1,28.0,73.0,85.0
19.0,2.0,1,29.0,67.0,117.0
18.9,11.479813664596273,1,31.0,58.0,124.0
18.0,3.0,1,32.0,52.0,181.0
16.1,1.0,1,33.0,50.0,204.0
13.2,13.0,1,33.0,48.0,189.0
15.1,10.0,1,34.0,47.0,194.0
14.3,4.0,1,33.0,50.0,188.0
16.3,18.0,1,33.0,52.0,198.0
16.0,5.0,1,32.0,53.0,179.0
23.1,11.479813664596273,1,31.0,57.0,209.0
27.7,13.208916033332045,1,29.0,61.0,216.0
23.6,11.479813664596273,1,29.0,64.0,184.0
25.2,11.479813664596273,1,29.0,64.0,183.0
23.2,1.0,1,29.0,64.0,159.0
24.7,3.0,1,28.0,65.0,134.0
19.8,6.0,1,28.0,65.0,94.0
18.5,3.0,1,28.0,66.0,91.0
16.1,24.0,1,27.0,68.0,96.0
16.0,24.0,1,27.0,68.0,108.0
15.4,26.0,1,27.0,68.0,98.0
17.8,19.0,1,27.0,70.0,100.0
22.5,3.0,1,26.0,71.0,106.0
21.9,12.0,1,26.0,73.0,111.0
23.2,2.0,1,26.0,74.0,109.0
24.5,2.0,1,29.0,64.0,114.0
21.1,1.0,1,30.0,58.0,116.0
20.2,11.479813664596273,1,32.0,51.0,117.0
15.8,2.0,1,33.0,44.0,122.0
13.9,14.0,1,33.0,43.0,146.0
13.8,2.0,1,33.0,44.0,150.0
13.6,22.0,1,33.0,45.0,156.0
14.9,2.0,1,33.0,44.0,144.0
17.0,24.0,2,33.0,45.0,144.0
17.4,1.0,1,32.0,55.0,145.0
18.5,4.0,1,30.0,65.0,132.0
23.4,13.208916033332045,1,29.0,70.0,116.0
21.8,11.479813664596273,1,29.0,71.0,151.0
25.1,11.479813664596273,1,28.0,71.0,143.0
19.5,1.0,1,28.0,71.0,120.0
18.4,4.0,1,28.0,72.0,110.0
20.5,5.0,1,28.0,72.0,111.0
22.7,17.0,1,28.0,74.0,108.0
19.6,18.0,2,28.0,77.0,117.0
15.4,19.0,1,27.0,78.0,112.0
19.4,9.0,1,27.0,78.0,103.0
26.0,1.0,1,27.0,80.0,98.0
22.6,1.0,1,27.0,80.0,98.0
19.8,11.479813664596273,1,28.0,76.0,106.0
23.5,11.479813664596273,1,30.0,70.0,115.0
20.4,11.479813664596273,1,30.0,66.0,127.0
21.3,3.0,1,32.0,61.0,143.0
16.3,1.0,1,33.0,54.0,187.0
13.4,12.0,1,33.0,55.0,185.0
13.5,22.0,1,33.0,52.0,187.0
11.2,19.0,1,33.0,50.0,196.0
14.0,11.479813664596273,1,33.0,51.0,191.0
17.7,20.0,1,32.0,53.0,167.0
16.7,9.0,1,31.0,60.0,172.0
17.7,11.479813664596273,2,30.0,66.0,129.0
21.6,1.0,1,29.0,69.0,128.0
21.2,13.208916033332045,1,29.0,69.0,118.0
25.7,11.479813664596273,1,28.0,70.0,122.0
24.1,2.0,1,28.0,72.0,111.0
27.2,14.0,1,28.0,73.0,115.0
23.5,7.0,1,28.0,74.0,125.0
24.2,11.0,1,28.0,72.0,137.0
17.6,24.0,1,28.0,72.0,125.0
15.2,21.0,1,28.0,74.0,121.0
16.5,17.0,1,27.0,76.0,111.0
22.6,11.479813664596273,1,28.0,76.0,117.0
22.8,14.0,1,27.0,76.0,107.0
21.0,3.0,1,28.0,76.0,108.0
21.1,11.479813664596273,1,29.0,73.0,108.0
18.6,2.0,1,30.0,71.0,116.0
18.5,4.0,1,31.0,61.0,122.0
23.0,11.479813664596273,1,32.0,57.0,141.0
16.9,2.0,1,33.0,55.0,170.0
19.5,4.0,1,33.0,55.0,172.0
14.8,19.0,1,32.0,58.0,163.0
12.7,18.0,1,31.0,60.0,176.0
17.4,11.479813664596273,1,31.0,61.0,169.0
20.2,6.0,1,30.0,66.0,179.0
21.1,1.0,1,29.0,69.0,155.0
25.7,1.0,1,29.0,72.0,144.0
22.8,11.479813664596273,1,29.0,72.0,123.0
22.8,13.208916033332045,1,29.0,72.0,105.0
21.5,8.0,1,29.0,70.0,103.0
18.2,1.0,1,29.0,70.0,109.0
17.5,3.0,1,28.0,73.0,111.0
16.3,17.0,1,28.0,75.0,105.0
17.1,19.0,1,28.0,76.0,111.0
17.1,20.0,1,28.0,76.0,112.0
15.9,20.0,1,28.0,78.0,106.0
21.9,29.0,1,27.0,79.0,109.0
19.8,21.0,1,27.0,80.0,90.0
20.1,19.0,1,28.0,76.0,94.0
18.1,18.0,1,29.0,69.0,102.0
16.8,16.0,1,31.0,61.0,109.0
18.3,13.0,1,32.0,57.0,173.0
15.8,22.0,1,33.0,54.0,145.0
14.8,13.0,1,33.0,51.0,191.0
16.0,13.0,1,33.0,52.0,187.0
14.5,22.0,1,33.0,53.0,194.0
15.6,24.0,1,33.0,50.0,227.0
20.3,25.0,2,32.0,45.0,216.0
19.0,22.0,1,31.0,55.0,186.0
18.0,21.0,1,29.0,62.0,169.0
20.5,22.0,1,29.0,66.0,141.0
21.6,21.0,1,29.0,68.0,126.0
18.2,21.0,1,29.0,69.0,125.0
16.4,13.208916033332045,1,28.0,69.0,122.0
22.6,19.0,1,28.0,70.0,105.0
17.1,19.0,1,28.0,73.0,98.0
17.4,20.0,1,28.0,73.0,119.0
12.4,20.0,1,28.0,74.0,112.0
12.9,20.0,1,27.0,76.0,113.0
20.6,19.0,1,27.0,77.0,110.0
24.1,18.0,1,27.0,78.0,113.0
24.0,13.0,1,27.0,81.0,109.0
22.9,21.0,1,28.0,75.0,107.0
19.4,25.0,2,29.0,68.0,115.0
22.1,27.0,1,31.0,63.0,111.0
19.2,28.0,1,32.0,56.0,115.0
20.7,29.0,1,33.0,52.0,138.0
20.4,24.0,1,33.0,50.0,151.0
14.7,13.0,1,33.0,50.0,154.0
18.7,30.0,2,33.0,51.0,141.0
16.2,30.0,1,33.0,53.0,169.0
18.5,26.0,1,32.0,55.0,181.0
18.2,25.0,1,31.0,59.0,150.0
15.9,18.0,1,30.0,66.0,121.0
17.5,27.0,2,29.0,70.0,116.0
23.9,27.0,2,29.0,73.0,115.0
20.4,29.0,2,28.0,75.0,113.0
19.5,24.0,1,28.0,77.0,110.0
20.1,13.208916033332045,1,28.0,77.0,110.0
